运单号,实际赔付金额,风险标注
0,193.27,合理诉求
1,120.63,合理诉求
2,366.21,合理诉求
3,73.92,诉求偏高
4,255.08,合理诉求
5,97.45,合理诉求
6,312.76,合理诉求
7,52.19,合理诉求
8,418.63,诉求偏高
9,184.5,合理诉求
10,229.34,合理诉求
11,68.71,合理诉求
12,540.28,合理诉求
13,146.82,合理诉求
14,37.95,合理诉求
15,281.06,合理诉求
16,92.47,合理诉求
17,357.19,合理诉求
18,113.68,合理诉求
19,248.91,诉求偏高
20,76.33,合理诉求
21,198.04,合理诉求
22,45.62,合理诉求
23,324.57,合理诉求
24,158.29,合理诉求
25,605.83,合理诉求
26,28.74,合理诉求
27,489.12,合理诉求
28,171.36,合理诉求
29,392.48,诉求偏高
30,84.27,合理诉求
31,215.9,合理诉求
32,53.81,合理诉求
33,368.04,合理诉求
34,127.59,合理诉求
35,251.73,合理诉求
36,67.92,合理诉求
37,423.18,合理诉求
38,189.64,合理诉求
39,34.28,诉求偏高
40,296.51,合理诉求
41,104.87,合理诉求
42,379.32,合理诉求
43,152.46,合理诉求
44,61.78,合理诉求
45,331.09,合理诉求
46,88.53,合理诉求
47,457.21,诉求偏高
48,176.84,合理诉求
49,42.17,合理诉求
50,283.62,合理诉求
51,119.45,合理诉求
52,546.28,合理诉求
53,39.71,合理诉求
54,314.86,合理诉求
55,75.29,合理诉求
56,498.03,合理诉求
57,163.57,合理诉求
58,385.94,合理诉求
59,96.48,合理诉求
60,227.15,合理诉求
61,58.36,合理诉求
62,431.72,合理诉求
63,148.09,合理诉求
64,27.83,诉求偏高
65,362.47,合理诉求
66,107.92,合理诉求
67,244.61,合理诉求
68,71.38,合理诉求
69,416.85,诉求偏高
70,183.27,合理诉求
71,35.94,合理诉求
72,291.08,合理诉求
73,124.73,合理诉求
74,538.19,合理诉求
75,47.62,合理诉求
76,327.45,合理诉求
77,159.81,合理诉求
78,602.37,合理诉求
79,23.49,合理诉求
80,485.76,合理诉求
81,168.34,合理诉求
82,394.21,合理诉求
83,82.67,合理诉求
84,219.58,合理诉求
85,56.93,合理诉求
86,428.16,合理诉求
87,145.72,合理诉求
88,31.08,诉求偏高
89,356.83,合理诉求
90,112.39,合理诉求
91,247.05,合理诉求
92,64.87,合理诉求
93,493.62,合理诉求
94,177.28,合理诉求
95,381.49,合理诉求
96,95.71,合理诉求
97,224.83,合理诉求
98,59.24,合理诉求
99,435.07,诉求偏高
100,186.92,合理诉求
101,48.36,合理诉求
102,298.71,合理诉求
103,136.48,合理诉求
104,547.82,合理诉求
105,38.15,合理诉求
106,319.64,合理诉求
107,72.93,合理诉求
108,462.38,合理诉求
109,154.27,合理诉求
110,388.59,合理诉求
111,87.42,合理诉求
112,213.76,合理诉求
113,63.58,诉求偏高
114,369.24,合理诉求
115,108.37,合理诉求
116,252.89,合理诉求
117,78.14,合理诉求
118,421.63,诉求偏高
119,192.48,合理诉求
120,34.71,合理诉求
121,287.93,合理诉求
122,117.26,合理诉求
123,534.07,合理诉求
124,45.83,合理诉求
125,322.91,合理诉求
126,161.74,合理诉求
127,608.45,合理诉求
128,29.37,合理诉求
129,491.28,合理诉求
130,174.63,合理诉求
131,397.82,合理诉求
132,93.58,合理诉求
133,228.19,合理诉求
134,67.45,合理诉求
135,438.71,合理诉求
136,149.06,合理诉求
137,27.58,诉求偏高
138,364.82,合理诉求
139,113.94,合理诉求
140,249.37,合理诉求
141,76.28,合理诉求
142,419.53,合理诉求
143,185.19,诉求偏高
144,42.83,合理诉求
145,294.16,合理诉求
146,128.72,合理诉求
147,541.39,合理诉求
148,48.91,合理诉求
149,325.08,合理诉求
150,162.37,合理诉求
151,392.64,合理诉求
152,89.15,合理诉求
153,216.48,合理诉求
154,57.82,诉求偏高
155,371.29,合理诉求
156,106.53,合理诉求
157,253.84,合理诉求
158,72.19,合理诉求
159,426.07,诉求偏高
160,193.84,合理诉求
161,38.27,合理诉求
162,289.45,合理诉求
163,121.68,合理诉求
164,537.92,合理诉求
165,46.38,合理诉求
166,328.71,合理诉求
167,158.46,合理诉求
168,604.29,合理诉求
169,24.83,合理诉求
170,487.36,合理诉求
171,172.59,合理诉求
172,395.18,合理诉求
173,98.24,合理诉求
174,225.73,合理诉求
175,62.91,合理诉求
176,432.85,合理诉求
177,146.28,合理诉求
178,32.49,诉求偏高
179,358.67,合理诉求
180,114.82,合理诉求
181,246.93,合理诉求
182,75.36,合理诉求
183,417.28,合理诉求
184,188.74,诉求偏高
185,47.92,合理诉求
186,293.81,合理诉求
187,127.05,合理诉求
188,543.68,合理诉求
189,49.27,合理诉求
190,321.54,合理诉求
191,165.83,合理诉求
192,389.07,合理诉求
193,92.61,合理诉求
194,219.38,合理诉求
195,58.74,诉求偏高
196,367.52,合理诉求
197,109.18,合理诉求
198,254.29,合理诉求
199,78.63,合理诉求
200,423.91,诉求偏高
201,194.57,合理诉求
202,35.48,合理诉求
203,286.19,合理诉求
204,118.93,合理诉求
205,535.74,合理诉求
206,44.16,合理诉求
207,327.82,合理诉求
208,161.09,合理诉求
209,607.38,合理诉求
210,28.94,合理诉求
211,492.83,合理诉求
212,176.42,合理诉求
213,398.15,合理诉求
214,96.87,合理诉求
215,227.64,合理诉求
216,68.29,合理诉求
217,439.06,合理诉求
218,148.73,合理诉求
219,31.28,诉求偏高
220,362.94,合理诉求
221,112.47,合理诉求
222,248.05,合理诉求
223,73.81,合理诉求
224,416.39,诉求偏高
225,182.63,合理诉求
226,41.57,合理诉求
227,295.84,合理诉求
228,124.39,合理诉求
229,540.92,合理诉求
230,47.28,合理诉求
231,324.17,合理诉求
232,157.68,合理诉求
233,603.84,合理诉求
234,23.71,合理诉求
235,486.29,合理诉求
236,171.84,合理诉求
237,394.52,合理诉求
238,88.36,合理诉求
239,215.07,合理诉求
240,59.48,诉求偏高
241,372.61,合理诉求
242,107.84,合理诉求
243,251.39,合理诉求
244,77.52,合理诉求
245,421.08,合理诉求
246,193.27,诉求偏高
247,38.94,合理诉求
248,289.73,合理诉求
249,122.18,合理诉求
250,538.46,合理诉求
251,45.63,合理诉求
252,329.81,合理诉求
253,164.29,合理诉求
254,609.73,合理诉求
255,27.48,合理诉求
256,494.17,合理诉求
257,178.36,合理诉求
258,397.24,合理诉求
259,94.72,合理诉求
260,228.91,合理诉求
261,65.83,合理诉求
262,436.58,合理诉求
263,149.62,合理诉求
264,32.74,诉求偏高
265,365.19,合理诉求
266,113.08,合理诉求
267,247.83,合理诉求
268,72.94,合理诉求
269,419.72,诉求偏高
270,186.48,合理诉求
271,42.37,合理诉求
272,293.16,合理诉求
273,127.84,合理诉求
274,544.39,合理诉求
275,48.15,合理诉求
276,322.68,合理诉求
277,159.03,合理诉求
278,605.91,合理诉求
279,24.62,合理诉求
280,488.73,合理诉求
281,173.48,合理诉求
282,395.82,合理诉求
283,97.36,合理诉求
284,225.19,合理诉求
285,61.27,合理诉求
286,433.94,合理诉求
287,146.81,合理诉求
288,31.59,诉求偏高
289,358.27,合理诉求
290,114.93,合理诉求
291,253.48,合理诉求
292,76.83,合理诉求
293,424.16,合理诉求
294,192.05,诉求偏高
295,36.82,合理诉求
296,287.39,合理诉求
297,121.74,合理诉求
298,537.08,合理诉求
299,46.93,合理诉求
300,328.45,合理诉求
301,162.71,合理诉求
302,608.29,合理诉求
303,28.37,合理诉求
304,491.64,合理诉求
305,177.82,合理诉求
306,398.93,合理诉求
307,95.48,合理诉求
308,228.05,合理诉求
309,68.94,合理诉求
310,439.27,合理诉求
311,148.36,合理诉求
312,32.81,诉求偏高
313,363.72,合理诉求
314,108.19,合理诉求
315,252.06,合理诉求
316,78.45,合理诉求
317,421.83,诉求偏高
318,194.72,合理诉求
319,41.08,合理诉求
320,294.83,合理诉求
321,128.27,合理诉求
322,541.94,合理诉求
323,49.36,合理诉求
324,325.71,合理诉求
325,165.08,合理诉求
326,392.47,合理诉求
327,92.83,合理诉求
328,219.64,合理诉求
329,58.19,诉求偏高
330,367.08,合理诉求
331,109.72,合理诉求
332,254.93,合理诉求
333,73.18,合理诉求
334,417.92,合理诉求
335,188.36,诉求偏高
336,47.29,合理诉求
337,293.48,合理诉求
338,124.91,合理诉求
339,543.27,合理诉求
340,45.74,合理诉求
341,327.09,合理诉求
342,161.83,合理诉求
343,607.52,合理诉求
344,23.94,合理诉求
345,489.81,合理诉求
346,176.27,合理诉求
347,395.64,合理诉求
348,96.18,合理诉求
349,227.83,合理诉求
350,62.47,合理诉求
351,436.19,合理诉求
352,149.84,合理诉求
353,31.62,诉求偏高
354,364.05,合理诉求
355,113.71,合理诉求
356,248.39,合理诉求
357,77.04,合理诉求
358,423.47,合理诉求
359,193.81,诉求偏高
360,38.52,合理诉求
361,287.94,合理诉求
362,122.83,合理诉求
363,538.71,合理诉求
364,46.28,合理诉求
365,329.16,合理诉求
366,164.92,合理诉求
367,609.08,合理诉求
368,27.19,合理诉求
369,493.47,合理诉求
370,178.93,合理诉求
371,397.08,合理诉求
372,94.27,合理诉求
373,225.84,合理诉求
374,59.83,诉求偏高
375,372.19,合理诉求
376,107.38,合理诉求
377,251.84,合理诉求
378,76.92,合理诉求
379,421.37,合理诉求
380,192.64,诉求偏高
381,42.93,合理诉求
382,294.05,合理诉求
383,127.48,合理诉求
384,544.82,合理诉求
385,48.19,合理诉求
386,322.37,合理诉求
387,159.62,合理诉求
388,604.73,合理诉求
389,24.38,合理诉求
390,487.92,合理诉求
391,173.84,合理诉求
392,395.27,合理诉求
393,97.83,合理诉求
394,228.49,合理诉求
395,68.37,合理诉求
396,439.82,合理诉求
397,148.09,合理诉求
398,32.47,诉求偏高
399,365.83,合理诉求
400,114.28,合理诉求
401,247.19,合理诉求
402,72.83,合理诉求
403,419.08,诉求偏高
404,186.93,合理诉求
405,41.72,合理诉求
406,293.61,合理诉求
407,121.94,合理诉求
408,537.82,合理诉求
409,45.37,合理诉求
410,328.09,合理诉求
411,162.84,合理诉求
412,608.93,合理诉求
413,28.73,合理诉求
414,491.28,合理诉求
415,177.46,合理诉求
416,398.37,合理诉求
417,95.82,合理诉求
418,227.19,合理诉求
419,61.94,合理诉求
420,433.72,合理诉求
421,146.38,合理诉求
422,31.84,诉求偏高
423,358.91,合理诉求
424,113.47,合理诉求
425,253.82,合理诉求
426,78.39,合理诉求
427,424.05,诉求偏高
428,194.83,合理诉求
429,36.18,合理诉求
430,287.49,合理诉求
431,124.05,合理诉求
432,543.84,合理诉求
433,49.72,合理诉求
434,325.38,合理诉求
435,165.91,合理诉求
436,392.08,合理诉求
437,92.37,合理诉求
438,219.83,合理诉求
439,58.46,诉求偏高
440,367.92,合理诉求
441,109.83,合理诉求
442,254.18,合理诉求
443,73.94,合理诉求
444,417.28,合理诉求
445,188.92,诉求偏高
446,47.83,合理诉求
447,293.18,合理诉求
448,128.37,合理诉求
449,541.09,合理诉求
450,48.94,合理诉求
451,327.82,合理诉求
452,161.28,合理诉求
453,607.94,合理诉求
454,23.84,合理诉求
455,489.37,合理诉求
456,176.83,合理诉求
457,395.91,合理诉求
458,96.74,合理诉求
459,228.37,合理诉求
460,62.18,合理诉求
461,436.83,合理诉求
462,149.27,合理诉求
463,32.91,诉求偏高
464,364.72,合理诉求
465,113.08,合理诉求
466,248.93,合理诉求
467,77.82,合理诉求
468,423.19,合理诉求
469,193.48,诉求偏高
470,38.27,合理诉求
471,287.05,合理诉求
472,122.93,合理诉求
473,538.47,合理诉求
474,46.82,合理诉求
475,329.74,合理诉求
476,164.18,合理诉求
477,609.37,合理诉求
478,27.93,合理诉求
479,493.82,合理诉求
480,178.47,合理诉求
481,397.83,合理诉求
482,94.61,合理诉求
483,225.38,合理诉求
484,59.74,诉求偏高
485,372.83,合理诉求
486,107.92,合理诉求
487,251.07,合理诉求
488,76.38,合理诉求
489,421.94,合理诉求
490,192.83,诉求偏高
491,42.38,合理诉求
492,294.72,合理诉求
493,127.84,合理诉求
494,544.19,合理诉求
495,48.37,合理诉求
496,322.08,合理诉求
497,159.83,合理诉求
498,604.29,合理诉求
499,24.93,合理诉求
500,487.18,合理诉求
501,173.94,合理诉求
502,395.08,合理诉求
503,97.28,合理诉求
504,228.83,合理诉求
505,68.47,合理诉求
506,439.38,合理诉求
507,148.92,合理诉求
508,32.18,诉求偏高
509,365.08,合理诉求
510,114.83,合理诉求
511,247.94,合理诉求
512,72.38,合理诉求
513,419.83,诉求偏高
514,186.28,合理诉求
515,41.93,合理诉求
516,293.84,合理诉求
517,121.08,合理诉求
518,537.93,合理诉求
519,45.82,合理诉求
520,328.47,合理诉求
521,162.09,合理诉求
522,608.38,合理诉求
523,28.17,合理诉求
524,491.93,合理诉求
525,177.28,合理诉求
526,398.84,合理诉求
527,95.37,合理诉求
528,227.94,合理诉求
529,61.83,合理诉求
530,433.28,合理诉求
531,146.92,合理诉求
532,31.47,诉求偏高
533,358.08,合理诉求
534,113.82,合理诉求
535,253.19,合理诉求
536,78.94,合理诉求
537,424.83,诉求偏高
538,194.27,合理诉求
539,36.48,合理诉求
540,287.83,合理诉求
541,124.91,合理诉求
542,543.08,合理诉求
543,49.37,合理诉求
544,325.94,合理诉求
545,165.28,合理诉求
546,392.83,合理诉求
547,92.18,合理诉求
548,219.07,合理诉求
549,58.92,诉求偏高
550,367.18,合理诉求
551,109.37,合理诉求
552,254.83,合理诉求
553,73.28,合理诉求
554,417.83,合理诉求
555,188.47,诉求偏高
556,47.92,合理诉求
557,293.05,合理诉求
558,128.73,合理诉求
559,541.84,合理诉求
560,48.29,合理诉求
561,327.38,合理诉求
562,161.94,合理诉求
563,607.08,合理诉求
564,23.81,合理诉求
565,489.72,合理诉求
566,176.09,合理诉求
567,395.83,合理诉求
568,96.47,合理诉求
569,228.18,合理诉求
570,62.93,合理诉求
571,436.08,合理诉求
572,149.83,合理诉求
573,32.08,诉求偏高
574,364.92,合理诉求
575,113.47,合理诉求
576,248.05,合理诉求
577,77.38,合理诉求
578,423.94,合理诉求
579,193.08,诉求偏高
580,38.93,合理诉求
581,287.48,合理诉求
582,122.18,合理诉求
583,538.09,合理诉求
584,46.37,合理诉求
585,329.82,合理诉求
586,164.73,合理诉求
587,609.18,合理诉求
588,27.94,合理诉求
589,493.28,合理诉求
590,178.83,合理诉求
591,397.19,合理诉求
592,94.82,合理诉求
593,225.93,合理诉求
594,59.48,诉求偏高
595,372.08,合理诉求
596,107.83,合理诉求
597,251.94,合理诉求
598,76.18,合理诉求
599,421.07,合理诉求
600,192.38,诉求偏高
601,42.93,合理诉求
602,294.81,合理诉求
603,127.08,合理诉求
604,544.93,合理诉求
605,48.17,合理诉求
606,322.84,合理诉求
607,159.08,合理诉求
608,604.93,合理诉求
609,24.72,合理诉求
610,487.83,合理诉求
611,173.28,合理诉求
612,395.07,合理诉求
613,97.94,合理诉求
614,228.47,合理诉求
615,68.19,合理诉求
616,439.08,合理诉求
617,148.37,合理诉求
618,32.94,诉求偏高
619,365.83,合理诉求
620,114.08,合理诉求
621,247.38,合理诉求
622,72.93,合理诉求
623,419.27,诉求偏高
624,186.83,合理诉求
625,41.72,合理诉求
626,293.94,合理诉求
627,121.83,合理诉求
628,537.08,合理诉求
629,45.37,合理诉求
630,328.19,合理诉求
631,162.94,合理诉求
632,608.73,合理诉求
633,28.37,合理诉求
634,491.08,合理诉求
635,177.93,合理诉求
636,398.47,合理诉求
637,95.28,合理诉求
638,227.08,合理诉求
639,61.84,合理诉求
640,433.92,合理诉求
641,146.08,合理诉求
642,31.73,诉求偏高
643,358.84,合理诉求
644,113.28,合理诉求
645,253.07,合理诉求
646,78.83,合理诉求
647,424.19,诉求偏高
648,194.83,合理诉求
649,36.18,合理诉求
650,287.05,合理诉求
651,124.92,合理诉求
652,543.84,合理诉求
653,49.73,合理诉求
654,325.08,合理诉求
655,165.83,合理诉求
656,392.18,合理诉求
657,92.47,合理诉求
658,219.83,合理诉求
659,58.19,诉求偏高
660,367.08,合理诉求
661,109.94,合理诉求
662,254.38,合理诉求
663,73.82,合理诉求
664,417.08,合理诉求
665,188.37,诉求偏高
666,47.28,合理诉求
667,293.83,合理诉求
668,128.19,合理诉求
669,541.94,合理诉求
670,48.93,合理诉求
671,327.84,合理诉求
672,161.08,合理诉求
673,607.92,合理诉求
674,23.94,合理诉求
675,489.18,合理诉求
676,176.83,合理诉求
677,395.28,合理诉求
678,96.73,合理诉求
679,228.84,合理诉求
680,62.37,合理诉求
681,436.93,合理诉求
682,149.08,合理诉求
683,32.81,诉求偏高
684,364.08,合理诉求
685,113.93,合理诉求
686,248.72,合理诉求
687,77.84,合理诉求
688,423.08,合理诉求
689,193.83,诉求偏高
690,38.47,合理诉求
691,287.94,合理诉求
692,122.08,合理诉求
693,538.83,合理诉求
694,46.92,合理诉求
695,329.08,合理诉求
696,164.83,合理诉求
697,609.47,合理诉求
698,27.18,合理诉求
699,493.08,合理诉求
700,679.75,合理诉求
701,190.61,合理诉求
702,522.63,诉求偏高
703,193.92,合理诉求
704,381.51,合理诉求
705,139.04,合理诉求
706,101.16,合理诉求
707,24.27,合理诉求
708,141.06,合理诉求
709,243.6,合理诉求
710,301.92,合理诉求
711,434.79,合理诉求
712,795.79,合理诉求
713,113.85,合理诉求
714,13.64,合理诉求
715,246.99,合理诉求
716,874.65,合理诉求
717,194.03,合理诉求
718,322.59,合理诉求
719,53.8,合理诉求
720,297.14,合理诉求
721,195.22,合理诉求
722,109.79,合理诉求
723,248.2,合理诉求
724,236.59,合理诉求
725,231.01,合理诉求
726,52.22,合理诉求
727,272.2,合理诉求
728,17.49,合理诉求
729,227.7,合理诉求
730,981.59,合理诉求
731,118.1,合理诉求
732,388.68,合理诉求
733,335.02,合理诉求
734,25.59,合理诉求
735,379.73,合理诉求
736,22.36,合理诉求
737,998.14,合理诉求
738,361.37,合理诉求
739,158.73,合理诉求
740,705.8,合理诉求
741,277.49,合理诉求
742,463.34,合理诉求
743,131.39,合理诉求
744,307.03,合理诉求
745,353.38,合理诉求
746,607.14,诉求偏高
747,286.68,合理诉求
748,168.55,合理诉求
749,66.27,合理诉求
750,215.73,合理诉求
751,143.29,合理诉求
752,300.9,合理诉求
753,377.55,合理诉求
754,113.72,合理诉求
755,34.12,合理诉求
756,510.19,合理诉求
757,211.13,合理诉求
758,652.78,合理诉求
759,278.43,合理诉求
760,113.46,合理诉求
761,405.8,合理诉求
762,164.38,合理诉求
763,31.06,合理诉求
764,80.97,合理诉求
765,52.38,合理诉求
766,342.75,合理诉求
767,114.29,合理诉求
768,407.97,诉求偏高
769,350.29,合理诉求
770,185.62,合理诉求
771,102.03,合理诉求
772,357.36,合理诉求
773,174.65,合理诉求
774,72.46,合理诉求
775,207.27,合理诉求
776,18.18,合理诉求
777,357.13,合理诉求
778,104.8,合理诉求
779,262.79,合理诉求
780,184.01,合理诉求
781,89.56,合理诉求
782,708.92,合理诉求
783,139.17,合理诉求
784,297.12,合理诉求
785,31.97,合理诉求
786,533.23,合理诉求
787,38.92,合理诉求
788,53.69,合理诉求
789,117.08,合理诉求
790,302.69,合理诉求
791,439.49,合理诉求
792,84.42,诉求偏高
793,71.66,合理诉求
794,144.35,合理诉求
795,252.83,合理诉求
796,59.01,合理诉求
797,222.99,合理诉求
798,45.55,合理诉求
799,131.58,诉求偏高
800,293.83,合理诉求
801,217.63,合理诉求
802,154.47,合理诉求
803,248.09,合理诉求
804,90.84,合理诉求
805,599.21,合理诉求
806,169.0,合理诉求
807,28.87,合理诉求
808,351.77,合理诉求
809,613.32,合理诉求
810,268.8,诉求偏高
811,458.96,诉求偏高
812,86.25,诉求偏高
813,563.85,合理诉求
814,140.74,合理诉求
815,111.85,合理诉求
816,505.22,合理诉求
817,178.11,合理诉求
818,233.92,合理诉求
819,309.47,合理诉求
820,30.61,合理诉求
821,63.55,合理诉求
822,11.72,合理诉求
823,54.06,合理诉求
824,158.22,合理诉求
825,489.51,合理诉求
826,47.38,合理诉求
827,563.83,合理诉求
828,57.48,合理诉求
829,226.39,合理诉求
830,137.27,合理诉求
831,604.25,合理诉求
832,38.0,合理诉求
833,194.35,合理诉求
834,126.15,合理诉求
835,359.61,合理诉求
836,491.63,合理诉求
837,112.19,合理诉求
838,153.4,合理诉求
839,39.02,合理诉求
840,478.23,合理诉求
841,160.08,合理诉求
842,97.54,合理诉求
843,267.12,合理诉求
844,371.45,诉求偏高
845,205.28,合理诉求
846,430.56,合理诉求
847,392.95,合理诉求
848,166.55,合理诉求
849,394.24,合理诉求
850,536.37,合理诉求
851,235.67,合理诉求
852,15.62,合理诉求
853,41.38,合理诉求
854,378.39,合理诉求
855,85.69,诉求偏高
856,165.06,合理诉求
857,104.07,合理诉求
858,161.44,合理诉求
859,129.41,合理诉求
860,365.24,合理诉求
861,37.34,合理诉求
862,824.4,合理诉求
863,198.46,合理诉求
864,31.03,合理诉求
865,129.1,合理诉求
866,328.76,合理诉求
867,709.67,合理诉求
868,584.19,合理诉求
869,172.61,合理诉求
870,388.95,合理诉求
871,326.88,合理诉求
872,130.46,诉求偏高
873,149.39,合理诉求
874,182.41,合理诉求
875,57.61,合理诉求
876,174.11,合理诉求
877,386.16,合理诉求
878,211.56,合理诉求
879,87.13,合理诉求
880,522.69,合理诉求
881,41.61,合理诉求
882,152.57,诉求偏高
883,75.48,合理诉求
884,91.79,合理诉求
885,110.7,合理诉求
886,195.04,合理诉求
887,123.46,合理诉求
888,41.04,合理诉求
889,138.5,合理诉求
890,283.9,合理诉求
891,183.5,合理诉求
892,25.31,合理诉求
893,68.42,合理诉求
894,27.12,合理诉求
895,771.68,合理诉求
896,388.26,合理诉求
897,98.7,合理诉求
898,309.31,合理诉求
899,120.39,合理诉求
900,122.67,诉求偏高
901,820.63,合理诉求
902,179.41,合理诉求
903,98.59,合理诉求
904,261.83,合理诉求
905,144.2,合理诉求
906,472.73,合理诉求
907,183.05,合理诉求
908,446.44,合理诉求
909,800.29,合理诉求
910,225.53,诉求偏高
911,59.08,合理诉求
912,102.23,合理诉求
913,98.03,合理诉求
914,256.98,合理诉求
915,208.63,合理诉求
916,395.26,合理诉求
917,354.25,合理诉求
918,56.5,合理诉求
919,315.68,合理诉求
920,143.88,严重超额
921,42.35,合理诉求
922,76.1,诉求偏高
923,684.04,合理诉求
924,68.58,合理诉求
925,101.33,诉求偏高
926,30.69,合理诉求
927,148.53,合理诉求
928,166.16,合理诉求
929,144.25,合理诉求
930,85.34,合理诉求
931,433.36,合理诉求
932,261.27,合理诉求
933,1034.21,合理诉求
934,37.57,合理诉求
935,476.73,合理诉求
936,1059.17,合理诉求
937,553.71,合理诉求
938,220.45,合理诉求
939,235.1,合理诉求
940,189.54,合理诉求
941,12.13,合理诉求
942,72.6,合理诉求
943,55.13,合理诉求
944,76.82,合理诉求
945,272.24,合理诉求
946,216.48,合理诉求
947,216.99,合理诉求
948,163.86,合理诉求
949,147.65,合理诉求
950,288.76,诉求偏高
951,162.1,合理诉求
952,460.89,合理诉求
953,32.04,合理诉求
954,311.75,合理诉求
955,27.19,合理诉求
956,532.33,合理诉求
957,52.43,合理诉求
958,41.46,合理诉求
959,265.67,合理诉求
960,647.85,诉求偏高
961,252.37,合理诉求
962,213.62,诉求偏高
963,485.05,合理诉求
964,434.7,合理诉求
965,595.7,合理诉求
966,180.17,合理诉求
967,152.95,合理诉求
968,1062.45,合理诉求
969,53.47,合理诉求
970,518.48,合理诉求
971,512.12,合理诉求
972,105.48,合理诉求
973,309.28,诉求偏高
974,190.17,合理诉求
975,40.57,合理诉求
976,365.62,合理诉求
977,252.66,合理诉求
978,122.32,合理诉求
979,224.29,合理诉求
980,135.5,合理诉求
981,603.68,合理诉求
982,436.93,合理诉求
983,65.72,合理诉求
984,77.07,合理诉求
985,53.32,合理诉求
986,79.58,合理诉求
987,602.52,合理诉求
988,44.45,合理诉求
989,97.93,合理诉求
990,83.26,合理诉求
991,332.44,合理诉求
992,173.26,合理诉求
993,54.66,合理诉求
994,90.13,诉求偏高
995,205.97,合理诉求
996,513.73,诉求偏高
997,124.39,合理诉求
998,201.38,合理诉求
999,579.76,合理诉求
1000,78.78,合理诉求
1001,106.45,诉求偏高
1002,53.2,合理诉求
1003,567.74,合理诉求
1004,130.54,合理诉求
1005,185.86,合理诉求
1006,237.45,合理诉求
1007,620.77,合理诉求
1008,197.6,合理诉求
1009,218.92,合理诉求
1010,365.15,严重超额
1011,228.59,诉求偏高
1012,743.88,合理诉求
1013,294.3,合理诉求
1014,330.37,合理诉求
1015,316.67,合理诉求
1016,106.14,合理诉求
1017,362.63,合理诉求
1018,164.36,诉求偏高
1019,559.53,合理诉求
1020,219.71,合理诉求
1021,275.35,合理诉求
1022,569.42,合理诉求
1023,657.61,合理诉求
1024,187.34,诉求偏高
1025,231.38,合理诉求
1026,509.36,诉求偏高
1027,261.4,合理诉求
1028,256.41,合理诉求
1029,249.75,合理诉求
1030,397.85,合理诉求
1031,516.28,合理诉求
1032,191.11,合理诉求
1033,227.31,合理诉求
1034,94.57,合理诉求
1035,175.68,合理诉求
1036,72.91,合理诉求
1037,415.5,诉求偏高
1038,540.29,合理诉求
1039,766.51,诉求偏高
1040,238.39,合理诉求
1041,102.32,诉求偏高
1042,154.58,合理诉求
1043,417.51,合理诉求
1044,564.45,合理诉求
1045,173.85,合理诉求
1046,317.82,诉求偏高
1047,121.96,合理诉求
1048,450.39,严重超额
1049,111.31,合理诉求
1050,388.07,合理诉求
1051,110.79,合理诉求
1052,92.99,合理诉求
1053,524.29,合理诉求
1054,127.41,合理诉求
1055,402.75,合理诉求
1056,209.31,合理诉求
1057,33.46,合理诉求
1058,226.46,合理诉求
1059,83.37,合理诉求
1060,216.2,合理诉求
1061,63.97,合理诉求
1062,54.9,合理诉求
1063,158.97,合理诉求
1064,508.82,合理诉求
1065,272.26,合理诉求
1066,76.02,合理诉求
1067,403.59,诉求偏高
1068,194.28,合理诉求
1069,246.94,合理诉求
1070,363.66,合理诉求
1071,176.95,合理诉求
1072,88.07,严重超额
1073,100.07,合理诉求
1074,50.05,合理诉求
1075,53.43,合理诉求
1076,343.02,合理诉求
1077,281.87,合理诉求
1078,192.02,合理诉求
1079,70.8,合理诉求
1080,63.86,合理诉求
1081,399.32,合理诉求
1082,33.66,合理诉求
1083,440.12,合理诉求
1084,374.74,合理诉求
1085,363.93,合理诉求
1086,178.47,合理诉求
1087,117.4,合理诉求
1088,37.95,合理诉求
1089,183.45,诉求偏高
1090,263.65,合理诉求
1091,54.77,合理诉求
1092,208.67,合理诉求
1093,57.69,合理诉求
1094,171.08,合理诉求
1095,427.99,合理诉求
1096,196.16,合理诉求
1097,255.52,合理诉求
1098,519.89,合理诉求
1099,271.05,合理诉求
1100,466.88,合理诉求
1101,644.27,合理诉求
1102,178.75,合理诉求
1103,274.46,合理诉求
1104,40.99,合理诉求
1105,245.54,合理诉求
1106,240.26,合理诉求
1107,12.69,合理诉求
1108,72.47,合理诉求
1109,31.22,合理诉求
1110,427.01,合理诉求
1111,221.34,合理诉求
1112,575.91,合理诉求
1113,274.73,合理诉求
1114,314.19,合理诉求
1115,58.88,合理诉求
1116,150.6,诉求偏高
1117,55.8,合理诉求
1118,113.04,诉求偏高
1119,540.23,合理诉求
1120,512.73,诉求偏高
1121,198.8,合理诉求
1122,10.87,合理诉求
1123,279.16,诉求偏高
1124,811.81,合理诉求
1125,55.89,合理诉求
1126,52.92,合理诉求
1127,578.55,合理诉求
1128,33.37,合理诉求
1129,399.79,合理诉求
1130,115.48,合理诉求
1131,212.31,合理诉求
1132,593.0,合理诉求
1133,38.21,合理诉求
1134,16.28,合理诉求
1135,92.08,合理诉求
1136,47.18,合理诉求
1137,403.11,合理诉求
1138,123.08,诉求偏高
1139,484.85,诉求偏高
1140,334.09,合理诉求
1141,89.3,诉求偏高
1142,89.7,合理诉求
1143,383.38,严重超额
1144,132.34,合理诉求
1145,322.48,合理诉求
1146,325.27,合理诉求
1147,45.11,合理诉求
1148,271.85,合理诉求
1149,314.01,合理诉求
1150,729.75,合理诉求
1151,127.98,合理诉求
1152,33.41,合理诉求
1153,661.12,合理诉求
1154,433.0,合理诉求
1155,175.94,合理诉求
1156,170.59,合理诉求
1157,48.0,合理诉求
1158,552.13,合理诉求
1159,346.46,诉求偏高
1160,42.92,合理诉求
1161,105.34,合理诉求
1162,669.09,合理诉求
1163,19.99,合理诉求
1164,295.34,合理诉求
1165,160.69,合理诉求
1166,39.37,合理诉求
1167,238.02,合理诉求
1168,201.17,诉求偏高
1169,171.49,合理诉求
1170,126.21,合理诉求
1171,229.06,合理诉求
1172,31.42,合理诉求
1173,193.69,合理诉求
1174,71.94,合理诉求
1175,644.63,严重超额
1176,40.78,合理诉求
1177,542.32,合理诉求
1178,350.87,合理诉求
1179,523.88,合理诉求
1180,65.41,合理诉求
1181,264.77,合理诉求
1182,218.09,合理诉求
1183,554.78,合理诉求
1184,243.26,合理诉求
1185,388.17,合理诉求
1186,209.35,合理诉求
1187,140.33,合理诉求
1188,276.57,合理诉求
1189,257.08,合理诉求
1190,219.36,诉求偏高
1191,24.91,合理诉求
1192,27.72,合理诉求
1193,217.6,诉求偏高
1194,847.31,合理诉求
1195,186.06,合理诉求
1196,683.77,合理诉求
1197,73.37,合理诉求
1198,264.64,合理诉求
1199,13.63,合理诉求
1200,556.37,诉求偏高
1201,140.69,合理诉求
1202,281.81,合理诉求
1203,156.42,合理诉求
1204,267.86,合理诉求
1205,813.59,诉求偏高
1206,96.33,合理诉求
1207,190.27,合理诉求
1208,564.25,合理诉求
1209,206.76,合理诉求
1210,720.39,合理诉求
1211,364.28,合理诉求
1212,58.17,合理诉求
1213,252.74,合理诉求
1214,44.1,合理诉求
1215,65.72,合理诉求
1216,722.91,合理诉求
1217,200.55,合理诉求
1218,117.22,合理诉求
1219,394.22,合理诉求
1220,154.88,合理诉求
1221,784.47,诉求偏高
1222,431.61,合理诉求
1223,508.69,合理诉求
1224,58.98,合理诉求
1225,406.89,合理诉求
1226,45.78,合理诉求
1227,88.91,合理诉求
1228,92.0,合理诉求
1229,59.52,合理诉求
1230,1108.43,合理诉求
1231,58.63,合理诉求
1232,39.41,合理诉求
1233,133.84,合理诉求
1234,180.8,合理诉求
1235,230.43,合理诉求
1236,264.93,合理诉求
1237,46.59,合理诉求
1238,57.75,合理诉求
1239,25.44,合理诉求
1240,496.67,诉求偏高
1241,412.96,合理诉求
1242,49.13,合理诉求
1243,77.95,合理诉求
1244,132.49,合理诉求
1245,381.34,合理诉求
1246,876.8,合理诉求
1247,121.16,合理诉求
1248,265.48,合理诉求
1249,106.86,合理诉求
1250,206.04,合理诉求
1251,73.89,合理诉求
1252,758.02,合理诉求
1253,561.62,合理诉求
1254,112.13,合理诉求
1255,208.15,合理诉求
1256,164.22,合理诉求
1257,617.93,合理诉求
1258,239.37,合理诉求
1259,319.9,严重超额
1260,368.72,合理诉求
1261,449.11,合理诉求
1262,161.06,合理诉求
1263,354.74,合理诉求
1264,604.39,合理诉求
1265,79.92,合理诉求
1266,267.47,合理诉求
1267,708.36,严重超额
1268,121.88,合理诉求
1269,721.19,合理诉求
1270,268.22,合理诉求
1271,134.44,合理诉求
1272,232.65,合理诉求
1273,420.26,合理诉求
1274,852.88,合理诉求
1275,230.54,合理诉求
1276,178.83,诉求偏高
1277,247.43,合理诉求
1278,38.65,合理诉求
1279,10.67,合理诉求
1280,520.69,合理诉求
1281,33.21,合理诉求
1282,46.15,合理诉求
1283,179.49,诉求偏高
1284,38.4,合理诉求
1285,74.67,合理诉求
1286,172.45,合理诉求
1287,739.67,合理诉求
1288,148.06,合理诉求
1289,39.75,合理诉求
1290,226.15,合理诉求
1291,464.99,合理诉求
1292,289.13,合理诉求
1293,447.21,合理诉求
1294,73.95,合理诉求
1295,238.43,合理诉求
1296,963.07,合理诉求
1297,331.0,合理诉求
1298,156.25,合理诉求
1299,179.3,合理诉求
1300,358.23,合理诉求
1301,462.62,合理诉求
1302,381.92,合理诉求
1303,232.78,合理诉求
1304,113.26,合理诉求
1305,420.33,合理诉求
1306,448.16,合理诉求
1307,325.57,合理诉求
1308,94.26,合理诉求
1309,550.43,合理诉求
1310,750.48,诉求偏高
1311,77.05,合理诉求
1312,111.88,合理诉求
1313,265.0,诉求偏高
1314,241.3,合理诉求
1315,409.43,合理诉求
1316,335.02,合理诉求
1317,582.06,合理诉求
1318,166.71,合理诉求
1319,712.41,合理诉求
1320,41.84,合理诉求
1321,291.27,诉求偏高
1322,95.3,合理诉求
1323,30.56,合理诉求
1324,110.64,合理诉求
1325,519.34,合理诉求
1326,160.93,合理诉求
1327,228.67,合理诉求
1328,329.32,合理诉求
1329,62.38,合理诉求
1330,722.1,合理诉求
1331,20.76,合理诉求
1332,258.84,合理诉求
1333,721.83,诉求偏高
1334,162.65,合理诉求
1335,224.34,合理诉求
1336,561.08,诉求偏高
1337,1026.85,合理诉求
1338,291.9,合理诉求
1339,108.46,合理诉求
1340,447.33,合理诉求
1341,522.31,严重超额
1342,583.51,合理诉求
1343,50.22,合理诉求
1344,33.54,合理诉求
1345,152.32,合理诉求
1346,760.86,合理诉求
1347,145.57,合理诉求
1348,304.57,诉求偏高
1349,103.88,合理诉求
1350,66.65,合理诉求
1351,104.01,合理诉求
1352,125.88,诉求偏高
1353,251.97,合理诉求
1354,39.71,合理诉求
1355,14.12,合理诉求
1356,47.82,合理诉求
1357,77.27,合理诉求
1358,376.85,合理诉求
1359,93.08,合理诉求
1360,85.15,严重超额
1361,42.04,合理诉求
1362,39.9,合理诉求
1363,192.1,合理诉求
1364,39.55,合理诉求
1365,90.0,合理诉求
1366,127.08,合理诉求
1367,559.28,合理诉求
1368,715.9,诉求偏高
1369,37.02,合理诉求
1370,483.29,合理诉求
1371,128.91,合理诉求
1372,152.07,诉求偏高
1373,298.27,合理诉求
1374,277.62,合理诉求
1375,45.84,合理诉求
1376,30.11,合理诉求
1377,244.82,合理诉求
1378,29.42,合理诉求
1379,340.24,合理诉求
1380,50.97,合理诉求
1381,260.99,合理诉求
1382,452.31,合理诉求
1383,760.19,合理诉求
1384,31.28,合理诉求
1385,126.45,合理诉求
1386,173.52,合理诉求
1387,221.82,合理诉求
1388,135.75,合理诉求
1389,63.69,合理诉求
1390,97.35,合理诉求
1391,140.61,合理诉求
1392,94.1,合理诉求
1393,185.9,合理诉求
1394,225.92,合理诉求
1395,124.66,合理诉求
1396,104.31,合理诉求
1397,141.57,合理诉求
1398,29.14,合理诉求
1399,160.41,合理诉求
1400,185.41,合理诉求
1401,334.41,合理诉求
1402,212.74,合理诉求
1403,525.41,诉求偏高
1404,323.42,合理诉求
1405,93.93,合理诉求
1406,153.35,合理诉求
1407,113.87,诉求偏高
1408,74.0,合理诉求
1409,213.87,合理诉求
1410,110.84,诉求偏高
1411,309.72,合理诉求
1412,23.8,合理诉求
1413,80.5,合理诉求
1414,37.8,合理诉求
1415,39.59,合理诉求
1416,266.46,合理诉求
1417,139.99,合理诉求
1418,310.25,合理诉求
1419,237.02,合理诉求
1420,56.71,合理诉求
1421,398.63,合理诉求
1422,43.37,合理诉求
1423,219.25,合理诉求
1424,523.86,诉求偏高
1425,285.96,合理诉求
1426,340.99,合理诉求
1427,527.24,合理诉求
1428,428.2,合理诉求
1429,176.96,合理诉求
1430,97.87,合理诉求
1431,434.62,合理诉求
1432,340.1,合理诉求
1433,275.23,合理诉求
1434,441.91,合理诉求
1435,89.25,合理诉求
1436,405.68,合理诉求
1437,428.09,合理诉求
1438,800.09,诉求偏高
1439,118.11,合理诉求
1440,171.35,合理诉求
1441,69.15,合理诉求
1442,78.79,合理诉求
1443,68.89,合理诉求
1444,475.84,合理诉求
1445,394.04,合理诉求
1446,173.08,合理诉求
1447,322.98,合理诉求
1448,233.75,合理诉求
1449,41.97,合理诉求
1450,58.86,合理诉求
1451,186.43,合理诉求
1452,411.5,合理诉求
1453,350.42,合理诉求
1454,161.06,合理诉求
1455,175.29,合理诉求
1456,205.77,合理诉求
1457,54.48,合理诉求
1458,184.73,合理诉求
1459,868.98,合理诉求
1460,351.78,合理诉求
1461,60.72,合理诉求
1462,69.8,合理诉求
1463,598.18,合理诉求
1464,301.58,合理诉求
1465,249.05,合理诉求
1466,11.32,合理诉求
1467,55.45,合理诉求
1468,307.36,合理诉求
1469,513.82,合理诉求
1470,298.5,合理诉求
1471,191.33,合理诉求
1472,144.81,合理诉求
1473,381.25,合理诉求
1474,295.57,诉求偏高
1475,80.9,合理诉求
1476,153.49,合理诉求
1477,74.11,合理诉求
1478,46.95,合理诉求
1479,353.72,诉求偏高
1480,799.82,合理诉求
1481,388.29,合理诉求
1482,92.05,合理诉求
1483,202.86,合理诉求
1484,123.27,合理诉求
1485,225.79,合理诉求
1486,431.51,合理诉求
1487,361.48,合理诉求
1488,216.38,合理诉求
1489,19.01,合理诉求
1490,168.84,合理诉求
1491,93.41,合理诉求
1492,655.77,合理诉求
1493,377.47,合理诉求
1494,402.11,合理诉求
1495,65.31,合理诉求
1496,152.91,合理诉求
1497,174.59,合理诉求
1498,39.36,合理诉求
1499,57.56,合理诉求
1500,261.88,合理诉求
1501,409.43,合理诉求
1502,53.81,合理诉求
1503,273.73,合理诉求
1504,619.76,合理诉求
1505,217.51,合理诉求
1506,96.56,合理诉求
1507,178.52,合理诉求
1508,377.42,合理诉求
1509,92.8,合理诉求
1510,175.21,诉求偏高
1511,168.89,合理诉求
1512,199.3,合理诉求
1513,76.41,合理诉求
1514,688.48,合理诉求
1515,212.78,合理诉求
1516,41.22,合理诉求
1517,326.54,严重超额
1518,603.92,诉求偏高
1519,168.62,合理诉求
1520,812.5,合理诉求
1521,187.67,合理诉求
1522,170.88,合理诉求
1523,328.37,合理诉求
1524,86.07,合理诉求
1525,272.48,合理诉求
1526,224.89,合理诉求
1527,203.22,合理诉求
1528,101.74,合理诉求
1529,133.69,合理诉求
1530,67.94,合理诉求
1531,118.9,合理诉求
1532,145.68,合理诉求
1533,249.14,合理诉求
1534,136.92,合理诉求
1535,83.12,合理诉求
1536,158.97,合理诉求
1537,173.59,合理诉求
1538,167.46,合理诉求
1539,122.08,合理诉求
1540,793.32,合理诉求
1541,25.8,合理诉求
1542,103.17,合理诉求
1543,52.92,合理诉求
1544,105.69,合理诉求
1545,226.08,合理诉求
1546,187.41,合理诉求
1547,325.05,严重超额
1548,61.04,合理诉求
1549,331.53,诉求偏高
1550,15.7,合理诉求
1551,132.94,合理诉求
1552,279.36,合理诉求
1553,21.72,合理诉求
1554,833.34,诉求偏高
1555,204.08,合理诉求
1556,58.61,合理诉求
1557,218.42,合理诉求
1558,134.1,合理诉求
1559,32.0,合理诉求
1560,191.55,合理诉求
1561,176.9,诉求偏高
1562,73.1,合理诉求
1563,783.65,合理诉求
1564,11.34,合理诉求
1565,140.03,合理诉求
1566,310.2,合理诉求
1567,474.3,合理诉求
1568,127.74,诉求偏高
1569,117.3,诉求偏高
1570,390.59,合理诉求
1571,59.16,合理诉求
1572,109.2,诉求偏高
1573,342.07,合理诉求
1574,67.14,合理诉求
1575,282.57,合理诉求
1576,74.1,合理诉求
1577,305.61,合理诉求
1578,49.95,合理诉求
1579,44.98,合理诉求
1580,35.33,合理诉求
1581,733.83,严重超额
1582,56.32,合理诉求
1583,708.88,诉求偏高
1584,195.38,合理诉求
1585,311.93,合理诉求
1586,134.05,合理诉求
1587,259.96,合理诉求
1588,20.77,合理诉求
1589,489.22,诉求偏高
1590,180.11,合理诉求
1591,164.27,合理诉求
1592,662.72,诉求偏高
1593,232.81,合理诉求
1594,163.04,合理诉求
1595,602.63,严重超额
1596,87.18,合理诉求
1597,20.85,合理诉求
1598,54.52,合理诉求
1599,323.91,合理诉求
1600,330.03,诉求偏高
1601,174.01,诉求偏高
1602,25.91,合理诉求
1603,61.55,合理诉求
1604,490.85,合理诉求
1605,91.75,合理诉求
1606,182.4,合理诉求
1607,210.62,合理诉求
1608,221.85,合理诉求
1609,77.01,诉求偏高
1610,837.18,严重超额
1611,48.75,合理诉求
1612,173.15,合理诉求
1613,43.86,合理诉求
1614,184.06,合理诉求
1615,208.61,合理诉求
1616,159.19,合理诉求
1617,467.51,合理诉求
1618,800.78,合理诉求
1619,279.16,合理诉求
1620,185.46,诉求偏高
1621,359.7,合理诉求
1622,351.69,合理诉求
1623,119.96,合理诉求
1624,606.14,诉求偏高
1625,203.46,合理诉求
1626,98.35,合理诉求
1627,124.56,合理诉求
1628,120.04,合理诉求
1629,43.07,合理诉求
1630,372.12,合理诉求
1631,289.31,诉求偏高
1632,198.75,合理诉求
1633,593.5,合理诉求
1634,100.15,合理诉求
1635,35.33,合理诉求
1636,121.11,合理诉求
1637,46.21,合理诉求
1638,208.23,合理诉求
1639,177.06,合理诉求
1640,186.8,合理诉求
1641,454.91,合理诉求
1642,177.98,合理诉求
1643,31.25,合理诉求
1644,274.82,合理诉求
1645,313.87,合理诉求
1646,248.57,合理诉求
1647,390.36,合理诉求
1648,449.85,合理诉求
1649,58.66,合理诉求
1650,218.6,诉求偏高
1651,187.73,合理诉求
1652,351.93,合理诉求
1653,310.56,合理诉求
1654,136.74,合理诉求
1655,105.7,合理诉求
1656,509.97,合理诉求
1657,110.22,合理诉求
1658,84.03,合理诉求
1659,182.92,合理诉求
1660,350.3,合理诉求
1661,43.92,合理诉求
1662,32.11,合理诉求
1663,790.26,诉求偏高
1664,435.71,合理诉求
1665,183.39,合理诉求
1666,175.38,合理诉求
1667,112.37,合理诉求
1668,48.32,合理诉求
1669,133.54,合理诉求
1670,694.3,合理诉求
1671,402.68,合理诉求
1672,116.84,合理诉求
1673,389.64,诉求偏高
1674,44.15,合理诉求
1675,842.21,诉求偏高
1676,220.04,合理诉求
1677,108.75,合理诉求
1678,1072.5,合理诉求
1679,221.36,合理诉求
1680,119.37,合理诉求
1681,294.69,合理诉求
1682,149.71,合理诉求
1683,14.8,合理诉求
1684,186.72,合理诉求
1685,194.03,合理诉求
1686,92.28,合理诉求
1687,359.84,合理诉求
1688,290.88,合理诉求
1689,98.75,合理诉求
1690,188.6,合理诉求
1691,62.81,合理诉求
1692,77.07,合理诉求
1693,251.54,合理诉求
1694,269.47,合理诉求
1695,76.93,合理诉求
1696,89.41,合理诉求
1697,835.97,合理诉求
1698,210.87,合理诉求
1699,366.88,合理诉求
1700,406.51,合理诉求
1701,91.19,合理诉求
1702,72.01,合理诉求
1703,352.05,合理诉求
1704,313.26,合理诉求
1705,97.22,合理诉求
1706,22.55,合理诉求
1707,471.08,合理诉求
1708,339.42,严重超额
1709,414.89,合理诉求
1710,215.33,合理诉求
1711,352.87,诉求偏高
1712,677.25,合理诉求
1713,23.15,合理诉求
1714,78.95,合理诉求
1715,843.4,诉求偏高
1716,80.71,合理诉求
1717,345.47,诉求偏高
1718,31.32,合理诉求
1719,420.42,合理诉求
1720,524.79,合理诉求
1721,717.67,合理诉求
1722,318.81,合理诉求
1723,298.46,合理诉求
1724,116.99,合理诉求
1725,67.82,合理诉求
1726,310.58,合理诉求
1727,203.63,合理诉求
1728,79.41,合理诉求
1729,575.95,合理诉求
1730,680.31,合理诉求
1731,132.89,合理诉求
1732,301.08,合理诉求
1733,239.99,合理诉求
1734,470.39,合理诉求
1735,182.2,合理诉求
1736,16.95,合理诉求
1737,28.59,合理诉求
1738,128.44,合理诉求
1739,607.32,合理诉求
1740,225.59,诉求偏高
1741,842.94,合理诉求
1742,572.05,合理诉求
1743,133.16,合理诉求
1744,144.55,合理诉求
1745,511.59,合理诉求
1746,298.72,合理诉求
1747,148.89,诉求偏高
1748,543.9,合理诉求
1749,271.21,合理诉求
1750,410.8,合理诉求
1751,137.37,合理诉求
1752,350.01,合理诉求
1753,562.53,合理诉求
1754,337.98,合理诉求
1755,308.85,合理诉求
1756,41.97,合理诉求
1757,111.52,诉求偏高
1758,23.95,合理诉求
1759,54.61,合理诉求
1760,269.29,诉求偏高
1761,271.04,合理诉求
1762,48.78,合理诉求
1763,132.42,诉求偏高
1764,67.27,合理诉求
1765,202.19,合理诉求
1766,44.37,合理诉求
1767,74.45,合理诉求
1768,93.33,合理诉求
1769,138.02,合理诉求
1770,78.32,合理诉求
1771,30.96,合理诉求
1772,107.01,合理诉求
1773,55.75,合理诉求
1774,175.96,合理诉求
1775,14.09,合理诉求
1776,41.38,合理诉求
1777,61.69,合理诉求
1778,634.23,严重超额
1779,116.79,合理诉求
1780,192.95,合理诉求
1781,163.93,合理诉求
1782,136.48,合理诉求
1783,82.3,合理诉求
1784,178.18,合理诉求
1785,45.4,合理诉求
1786,193.29,合理诉求
1787,599.15,合理诉求
1788,77.41,合理诉求
1789,357.51,合理诉求
1790,38.32,合理诉求
1791,13.28,合理诉求
1792,215.98,合理诉求
1793,181.97,合理诉求
1794,171.41,合理诉求
1795,235.25,合理诉求
1796,178.86,诉求偏高
1797,190.26,诉求偏高
1798,523.05,合理诉求
1799,154.87,合理诉求
1800,666.23,诉求偏高
1801,236.2,合理诉求
1802,147.05,合理诉求
1803,199.2,合理诉求
1804,323.46,合理诉求
1805,161.05,合理诉求
1806,812.32,合理诉求
1807,196.82,合理诉求
1808,389.8,合理诉求
1809,373.87,合理诉求
1810,196.73,合理诉求
1811,358.73,合理诉求
1812,362.95,合理诉求
1813,27.71,合理诉求
1814,61.08,合理诉求
1815,340.52,合理诉求
1816,241.7,合理诉求
1817,48.7,合理诉求
1818,137.85,合理诉求
1819,832.77,合理诉求
1820,70.87,合理诉求
1821,176.42,合理诉求
1822,62.04,合理诉求
1823,15.44,合理诉求
1824,35.58,合理诉求
1825,62.7,合理诉求
1826,494.12,合理诉求
1827,239.95,合理诉求
1828,210.95,合理诉求
1829,32.89,合理诉求
1830,134.79,合理诉求
1831,405.15,合理诉求
1832,109.16,合理诉求
1833,241.06,合理诉求
1834,191.86,诉求偏高
1835,325.34,诉求偏高
1836,750.83,合理诉求
1837,40.71,合理诉求
1838,111.38,合理诉求
1839,171.69,合理诉求
1840,141.36,合理诉求
1841,804.22,严重超额
1842,193.04,合理诉求
1843,41.87,合理诉求
1844,662.8,诉求偏高
1845,9.56,合理诉求
1846,120.1,合理诉求
1847,285.57,诉求偏高
1848,80.68,合理诉求
1849,109.13,合理诉求
1850,68.08,合理诉求
1851,371.65,合理诉求
1852,101.1,合理诉求
1853,384.01,合理诉求
1854,259.5,合理诉求
1855,308.77,合理诉求
1856,512.31,合理诉求
1857,71.71,合理诉求
1858,171.81,合理诉求
1859,113.21,合理诉求
1860,38.29,合理诉求
1861,81.99,合理诉求
1862,683.69,合理诉求
1863,230.27,合理诉求
1864,106.44,合理诉求
1865,875.83,合理诉求
1866,62.69,合理诉求
1867,123.34,诉求偏高
1868,397.09,合理诉求
1869,452.11,合理诉求
1870,205.34,诉求偏高
1871,183.03,合理诉求
1872,339.18,合理诉求
1873,31.28,合理诉求
1874,440.87,合理诉求
1875,285.5,合理诉求
1876,92.98,合理诉求
1877,190.37,合理诉求
1878,293.72,诉求偏高
1879,91.15,合理诉求
1880,181.85,合理诉求
1881,474.6,合理诉求
1882,126.43,合理诉求
1883,204.26,合理诉求
1884,118.95,合理诉求
1885,499.75,合理诉求
1886,110.31,合理诉求
1887,300.91,合理诉求
1888,336.71,合理诉求
1889,127.93,合理诉求
1890,132.02,合理诉求
1891,62.69,合理诉求
1892,222.0,合理诉求
1893,469.14,合理诉求
1894,282.29,合理诉求
1895,55.53,合理诉求
1896,319.22,合理诉求
1897,36.12,合理诉求
1898,604.65,严重超额
1899,288.93,合理诉求
1900,165.74,合理诉求
1901,91.87,合理诉求
1902,402.1,合理诉求
1903,298.89,合理诉求
1904,66.26,合理诉求
1905,170.04,合理诉求
1906,129.23,合理诉求
1907,9.46,合理诉求
1908,36.75,合理诉求
1909,450.6,合理诉求
1910,359.14,合理诉求
1911,25.77,合理诉求
1912,150.98,合理诉求
1913,73.95,合理诉求
1914,93.9,合理诉求
1915,245.54,合理诉求
1916,17.65,合理诉求
1917,1006.46,合理诉求
1918,200.02,合理诉求
1919,507.38,合理诉求
1920,467.74,合理诉求
1921,86.21,诉求偏高
1922,211.39,合理诉求
1923,509.44,合理诉求
1924,156.73,合理诉求
1925,120.36,合理诉求
1926,15.07,合理诉求
1927,61.59,合理诉求
1928,356.41,合理诉求
1929,124.68,合理诉求
1930,196.06,合理诉求
1931,71.06,合理诉求
1932,153.23,合理诉求
1933,355.2,合理诉求
1934,245.66,合理诉求
1935,23.79,合理诉求
1936,739.91,合理诉求
1937,122.41,合理诉求
1938,210.71,合理诉求
1939,422.07,合理诉求
1940,108.25,合理诉求
1941,56.24,合理诉求
1942,351.87,合理诉求
1943,309.04,合理诉求
1944,235.32,合理诉求
1945,44.4,合理诉求
1946,219.78,合理诉求
1947,127.09,合理诉求
1948,545.02,合理诉求
1949,104.66,合理诉求
1950,274.55,合理诉求
1951,562.07,诉求偏高
1952,62.32,合理诉求
1953,548.2,合理诉求
1954,266.41,合理诉求
1955,249.8,合理诉求
1956,212.13,合理诉求
1957,835.96,严重超额
1958,35.57,合理诉求
1959,367.28,合理诉求
1960,261.06,合理诉求
1961,99.85,合理诉求
1962,45.97,合理诉求
1963,58.58,合理诉求
1964,95.71,合理诉求
1965,81.36,合理诉求
1966,145.69,合理诉求
1967,372.02,严重超额
1968,404.24,合理诉求
1969,356.39,合理诉求
1970,44.42,合理诉求
1971,442.96,合理诉求
1972,115.58,合理诉求
1973,167.51,合理诉求
1974,237.12,合理诉求
1975,163.54,合理诉求
1976,90.49,合理诉求
1977,184.37,合理诉求
1978,190.55,合理诉求
1979,542.41,合理诉求
1980,85.98,合理诉求
1981,296.35,合理诉求
1982,48.53,合理诉求
1983,317.94,合理诉求
1984,407.31,合理诉求
1985,198.99,合理诉求
1986,479.34,合理诉求
1987,351.69,合理诉求
1988,76.59,诉求偏高
1989,116.12,合理诉求
1990,244.31,严重超额
1991,273.3,合理诉求
1992,135.91,合理诉求
1993,366.18,合理诉求
1994,517.37,合理诉求
1995,62.4,合理诉求
1996,645.69,合理诉求
1997,39.18,合理诉求
1998,114.58,合理诉求
1999,133.11,合理诉求
2000,82.28,合理诉求
2001,70.21,合理诉求
2002,201.13,合理诉求
2003,41.67,合理诉求
2004,231.33,合理诉求
2005,69.35,合理诉求
2006,806.86,合理诉求
2007,216.71,合理诉求
2008,61.14,合理诉求
2009,25.16,合理诉求
2010,105.54,诉求偏高
2011,197.96,合理诉求
2012,59.35,合理诉求
2013,282.8,合理诉求
2014,401.41,合理诉求
2015,103.83,合理诉求
2016,93.07,合理诉求
2017,159.81,合理诉求
2018,310.0,合理诉求
2019,836.23,诉求偏高
2020,391.71,合理诉求
2021,165.22,合理诉求
2022,72.16,合理诉求
2023,120.33,合理诉求
2024,447.08,合理诉求
2025,345.52,合理诉求
2026,37.26,合理诉求
2027,673.81,严重超额
2028,145.63,合理诉求
2029,14.81,合理诉求
2030,605.12,合理诉求
2031,154.71,合理诉求
2032,289.8,合理诉求
2033,84.2,严重超额
2034,85.65,合理诉求
2035,40.34,合理诉求
2036,46.33,合理诉求
2037,134.19,合理诉求
2038,256.95,合理诉求
2039,31.0,合理诉求
2040,93.66,合理诉求
2041,309.2,合理诉求
2042,27.74,合理诉求
2043,191.76,合理诉求
2044,192.81,合理诉求
2045,38.08,合理诉求
2046,99.4,合理诉求
2047,56.25,合理诉求
2048,189.93,合理诉求
2049,12.96,合理诉求
2050,391.92,合理诉求
2051,393.68,诉求偏高
2052,115.93,合理诉求
2053,469.15,合理诉求
2054,876.53,合理诉求
2055,165.39,合理诉求
2056,455.99,合理诉求
2057,17.27,合理诉求
2058,46.84,合理诉求
2059,275.36,合理诉求
2060,329.1,合理诉求
2061,194.56,合理诉求
2062,186.29,合理诉求
2063,191.03,合理诉求
2064,261.13,合理诉求
2065,120.65,合理诉求
2066,58.68,合理诉求
2067,612.65,合理诉求
2068,205.75,合理诉求
2069,691.74,合理诉求
2070,509.9,合理诉求
2071,173.89,合理诉求
2072,163.39,合理诉求
2073,234.61,诉求偏高
2074,140.04,合理诉求
2075,156.16,诉求偏高
2076,93.56,合理诉求
2077,586.98,合理诉求
2078,120.56,合理诉求
2079,76.51,合理诉求
2080,173.05,合理诉求
2081,101.97,合理诉求
2082,57.59,合理诉求
2083,328.28,合理诉求
2084,89.84,合理诉求
2085,114.74,合理诉求
2086,141.9,合理诉求
2087,392.3,合理诉求
2088,222.27,合理诉求
2089,585.61,合理诉求
2090,462.47,合理诉求
2091,228.37,合理诉求
2092,243.17,诉求偏高
2093,694.64,合理诉求
2094,222.42,诉求偏高
2095,497.71,合理诉求
2096,88.15,合理诉求
2097,286.0,合理诉求
2098,470.55,合理诉求
2099,47.02,合理诉求
2100,303.82,合理诉求
2101,190.66,合理诉求
2102,25.35,合理诉求
2103,226.96,合理诉求
2104,1036.71,合理诉求
2105,168.07,合理诉求
2106,195.82,合理诉求
2107,464.01,严重超额
2108,1075.15,合理诉求
2109,218.99,严重超额
2110,225.7,合理诉求
2111,193.61,诉求偏高
2112,169.39,合理诉求
2113,240.45,合理诉求
2114,38.64,合理诉求
2115,216.94,合理诉求
2116,467.73,严重超额
2117,319.36,合理诉求
2118,108.76,合理诉求
2119,662.44,合理诉求
2120,152.83,合理诉求
2121,391.72,合理诉求
2122,29.25,合理诉求
2123,279.54,合理诉求
2124,97.77,合理诉求
2125,163.89,合理诉求
2126,72.12,合理诉求
2127,188.59,合理诉求
2128,84.94,合理诉求
2129,269.16,合理诉求
2130,212.46,合理诉求
2131,22.1,合理诉求
2132,168.45,合理诉求
2133,578.1,合理诉求
2134,369.08,合理诉求
2135,127.59,合理诉求
2136,413.19,合理诉求
2137,240.83,合理诉求
2138,139.82,合理诉求
2139,283.84,严重超额
2140,441.12,合理诉求
2141,143.03,合理诉求
2142,529.25,合理诉求
2143,97.36,诉求偏高
2144,376.78,合理诉求
2145,364.47,合理诉求
2146,390.64,合理诉求
2147,227.89,合理诉求
2148,177.43,合理诉求
2149,750.63,合理诉求
2150,134.9,合理诉求
2151,166.59,合理诉求
2152,197.36,合理诉求
2153,107.53,合理诉求
2154,49.43,合理诉求
2155,203.72,合理诉求
2156,14.21,合理诉求
2157,152.62,合理诉求
2158,213.61,合理诉求
2159,268.97,合理诉求
2160,81.72,合理诉求
2161,351.37,合理诉求
2162,596.9,合理诉求
2163,272.5,合理诉求
2164,238.77,合理诉求
2165,27.01,合理诉求
2166,350.25,合理诉求
2167,340.28,合理诉求
2168,108.96,诉求偏高
2169,119.81,合理诉求
2170,56.69,合理诉求
2171,259.23,合理诉求
2172,345.72,诉求偏高
2173,256.98,合理诉求
2174,728.25,合理诉求
2175,707.25,合理诉求
2166,306.67,合理诉求
2177,328.63,合理诉求
2178,96.79,合理诉求
2179,205.96,合理诉求
2180,1059.56,合理诉求
2181,75.65,合理诉求
2182,33.84,合理诉求
2183,263.44,合理诉求
2184,869.62,合理诉求
2185,309.94,合理诉求
2186,165.64,严重超额
2187,268.06,合理诉求
2188,347.94,合理诉求
2189,342.0,合理诉求
2190,437.24,合理诉求
2191,80.91,合理诉求
2192,241.75,合理诉求
2193,74.4,合理诉求
